{
   "creator": "Yosys 0.62 (git sha1 7326bb7d6641500ecb285c291a54a662cb1e76cf, clang++ 21.1.2 -fPIC -O3)",
   "invocation": "stat -json -liberty /workspace/nc-project-20260529-210526/mspm33c321a_derivative_mcu/openlane/mspm33c321a_derivative_mcu_wrapper/runs/pnr_run_v2/tmp/1c127a37a94b43d0989ab9e08b168a0f.lib ",
   "modules": {
      "\\mspm33c321a_derivative_mcu_wrapper": {
         "num_wires":         92788,
         "num_wire_bits":     92788,
         "num_pub_wires":     23275,
         "num_pub_wire_bits": 23275,
         "num_ports":         1291,
         "num_port_bits":     1291,
         "num_memories":      0,
         "num_memory_bits":   0,
         "num_processes":     0,
         "num_cells":         91444,
         "num_submodules":       0,
         "area":              1201084.435201,
         "sequential_area":    519072.832000,
         "num_cells_by_type": {
            "CF_SRAM_1024x32": 32,
            "sky130_fd_sc_hd__a2111o_2": 397,
            "sky130_fd_sc_hd__a2111oi_2": 18,
            "sky130_fd_sc_hd__a211o_2": 1511,
            "sky130_fd_sc_hd__a211oi_2": 107,
            "sky130_fd_sc_hd__a21bo_2": 184,
            "sky130_fd_sc_hd__a21boi_2": 76,
            "sky130_fd_sc_hd__a21o_2": 2365,
            "sky130_fd_sc_hd__a21oi_2": 1991,
            "sky130_fd_sc_hd__a221o_2": 3155,
            "sky130_fd_sc_hd__a221oi_2": 60,
            "sky130_fd_sc_hd__a22o_2": 7062,
            "sky130_fd_sc_hd__a22oi_2": 61,
            "sky130_fd_sc_hd__a2bb2o_2": 408,
            "sky130_fd_sc_hd__a311o_2": 279,
            "sky130_fd_sc_hd__a311oi_2": 9,
            "sky130_fd_sc_hd__a31o_2": 1503,
            "sky130_fd_sc_hd__a31oi_2": 44,
            "sky130_fd_sc_hd__a32o_2": 599,
            "sky130_fd_sc_hd__a32oi_2": 1,
            "sky130_fd_sc_hd__a41o_2": 89,
            "sky130_fd_sc_hd__a41oi_2": 6,
            "sky130_fd_sc_hd__and2_2": 2167,
            "sky130_fd_sc_hd__and2b_2": 399,
            "sky130_fd_sc_hd__and3_2": 1728,
            "sky130_fd_sc_hd__and3b_2": 255,
            "sky130_fd_sc_hd__and4_2": 300,
            "sky130_fd_sc_hd__and4b_2": 153,
            "sky130_fd_sc_hd__and4bb_2": 63,
            "sky130_fd_sc_hd__buf_1": 7,
            "sky130_fd_sc_hd__buf_2": 3,
            "sky130_fd_sc_hd__conb_1": 1345,
            "sky130_fd_sc_hd__dfrtp_2": 15608,
            "sky130_fd_sc_hd__dfstp_2": 1543,
            "sky130_fd_sc_hd__dfxtp_2": 3217,
            "sky130_fd_sc_hd__inv_2": 2099,
            "sky130_fd_sc_hd__mux2_1": 12508,
            "sky130_fd_sc_hd__mux4_2": 754,
            "sky130_fd_sc_hd__nand2_2": 3440,
            "sky130_fd_sc_hd__nand2b_2": 333,
            "sky130_fd_sc_hd__nand3_2": 130,
            "sky130_fd_sc_hd__nand3b_2": 33,
            "sky130_fd_sc_hd__nand4_2": 20,
            "sky130_fd_sc_hd__nand4b_2": 8,
            "sky130_fd_sc_hd__nor2_2": 3717,
            "sky130_fd_sc_hd__nor3_2": 159,
            "sky130_fd_sc_hd__nor3b_2": 29,
            "sky130_fd_sc_hd__nor4_2": 46,
            "sky130_fd_sc_hd__nor4b_2": 7,
            "sky130_fd_sc_hd__o2111a_2": 106,
            "sky130_fd_sc_hd__o2111ai_2": 23,
            "sky130_fd_sc_hd__o211a_2": 2206,
            "sky130_fd_sc_hd__o211ai_2": 88,
            "sky130_fd_sc_hd__o21a_2": 1818,
            "sky130_fd_sc_hd__o21ai_2": 1373,
            "sky130_fd_sc_hd__o21ba_2": 277,
            "sky130_fd_sc_hd__o21bai_2": 63,
            "sky130_fd_sc_hd__o221a_2": 1736,
            "sky130_fd_sc_hd__o221ai_2": 70,
            "sky130_fd_sc_hd__o22a_2": 2823,
            "sky130_fd_sc_hd__o22ai_2": 99,
            "sky130_fd_sc_hd__o2bb2a_2": 270,
            "sky130_fd_sc_hd__o2bb2ai_2": 1,
            "sky130_fd_sc_hd__o311a_2": 458,
            "sky130_fd_sc_hd__o311ai_2": 2,
            "sky130_fd_sc_hd__o31a_2": 427,
            "sky130_fd_sc_hd__o31ai_2": 48,
            "sky130_fd_sc_hd__o32a_2": 332,
            "sky130_fd_sc_hd__o32ai_2": 7,
            "sky130_fd_sc_hd__o41a_2": 53,
            "sky130_fd_sc_hd__o41ai_2": 3,
            "sky130_fd_sc_hd__or2_2": 3367,
            "sky130_fd_sc_hd__or3_2": 1255,
            "sky130_fd_sc_hd__or3b_2": 322,
            "sky130_fd_sc_hd__or4_2": 806,
            "sky130_fd_sc_hd__or4b_2": 189,
            "sky130_fd_sc_hd__or4bb_2": 29,
            "sky130_fd_sc_hd__xnor2_2": 2216,
            "sky130_fd_sc_hd__xor2_2": 949
         }
      }
   },
      "design": {
         "num_wires":         92788,
         "num_wire_bits":     92788,
         "num_pub_wires":     23275,
         "num_pub_wire_bits": 23275,
         "num_ports":         1291,
         "num_port_bits":     1291,
         "num_memories":      0,
         "num_memory_bits":   0,
         "num_processes":     0,
         "num_cells":         91444,
         "num_submodules":       0,
         "area":              1201084.435201,
         "sequential_area":    519072.832000,
         "num_cells_by_type": {
            "CF_SRAM_1024x32": 32,
            "sky130_fd_sc_hd__a2111o_2": 397,
            "sky130_fd_sc_hd__a2111oi_2": 18,
            "sky130_fd_sc_hd__a211o_2": 1511,
            "sky130_fd_sc_hd__a211oi_2": 107,
            "sky130_fd_sc_hd__a21bo_2": 184,
            "sky130_fd_sc_hd__a21boi_2": 76,
            "sky130_fd_sc_hd__a21o_2": 2365,
            "sky130_fd_sc_hd__a21oi_2": 1991,
            "sky130_fd_sc_hd__a221o_2": 3155,
            "sky130_fd_sc_hd__a221oi_2": 60,
            "sky130_fd_sc_hd__a22o_2": 7062,
            "sky130_fd_sc_hd__a22oi_2": 61,
            "sky130_fd_sc_hd__a2bb2o_2": 408,
            "sky130_fd_sc_hd__a311o_2": 279,
            "sky130_fd_sc_hd__a311oi_2": 9,
            "sky130_fd_sc_hd__a31o_2": 1503,
            "sky130_fd_sc_hd__a31oi_2": 44,
            "sky130_fd_sc_hd__a32o_2": 599,
            "sky130_fd_sc_hd__a32oi_2": 1,
            "sky130_fd_sc_hd__a41o_2": 89,
            "sky130_fd_sc_hd__a41oi_2": 6,
            "sky130_fd_sc_hd__and2_2": 2167,
            "sky130_fd_sc_hd__and2b_2": 399,
            "sky130_fd_sc_hd__and3_2": 1728,
            "sky130_fd_sc_hd__and3b_2": 255,
            "sky130_fd_sc_hd__and4_2": 300,
            "sky130_fd_sc_hd__and4b_2": 153,
            "sky130_fd_sc_hd__and4bb_2": 63,
            "sky130_fd_sc_hd__buf_1": 7,
            "sky130_fd_sc_hd__buf_2": 3,
            "sky130_fd_sc_hd__conb_1": 1345,
            "sky130_fd_sc_hd__dfrtp_2": 15608,
            "sky130_fd_sc_hd__dfstp_2": 1543,
            "sky130_fd_sc_hd__dfxtp_2": 3217,
            "sky130_fd_sc_hd__inv_2": 2099,
            "sky130_fd_sc_hd__mux2_1": 12508,
            "sky130_fd_sc_hd__mux4_2": 754,
            "sky130_fd_sc_hd__nand2_2": 3440,
            "sky130_fd_sc_hd__nand2b_2": 333,
            "sky130_fd_sc_hd__nand3_2": 130,
            "sky130_fd_sc_hd__nand3b_2": 33,
            "sky130_fd_sc_hd__nand4_2": 20,
            "sky130_fd_sc_hd__nand4b_2": 8,
            "sky130_fd_sc_hd__nor2_2": 3717,
            "sky130_fd_sc_hd__nor3_2": 159,
            "sky130_fd_sc_hd__nor3b_2": 29,
            "sky130_fd_sc_hd__nor4_2": 46,
            "sky130_fd_sc_hd__nor4b_2": 7,
            "sky130_fd_sc_hd__o2111a_2": 106,
            "sky130_fd_sc_hd__o2111ai_2": 23,
            "sky130_fd_sc_hd__o211a_2": 2206,
            "sky130_fd_sc_hd__o211ai_2": 88,
            "sky130_fd_sc_hd__o21a_2": 1818,
            "sky130_fd_sc_hd__o21ai_2": 1373,
            "sky130_fd_sc_hd__o21ba_2": 277,
            "sky130_fd_sc_hd__o21bai_2": 63,
            "sky130_fd_sc_hd__o221a_2": 1736,
            "sky130_fd_sc_hd__o221ai_2": 70,
            "sky130_fd_sc_hd__o22a_2": 2823,
            "sky130_fd_sc_hd__o22ai_2": 99,
            "sky130_fd_sc_hd__o2bb2a_2": 270,
            "sky130_fd_sc_hd__o2bb2ai_2": 1,
            "sky130_fd_sc_hd__o311a_2": 458,
            "sky130_fd_sc_hd__o311ai_2": 2,
            "sky130_fd_sc_hd__o31a_2": 427,
            "sky130_fd_sc_hd__o31ai_2": 48,